"version","mean_elapsed_s","median_elapsed_s","min_elapsed_s","max_elapsed_s"
"old_fixed_cutoff",0.0859999999999999,0.0899999999999999,0.0600000000000005,0.109999999999999
"new_adaptive_cutoff",0.491999999999999,0.5,0.449999999999999,0.529999999999999
