"max_abs_delta_amp_db","mean_abs_delta_amp_db"
0.00779697194060271,0.00299282921131959
