"max_abs_delta_amp_db","mean_abs_delta_amp_db"
0.0187299802213814,0.0112846004094278
