"max_abs_delta_amp_db","mean_abs_delta_amp_db"
0.00790154951251123,0.0050837525512528
